{"cameraMode":{"drawMode":0,"name":"Shaded","section":"Shading Mode"},"sceneLighting":false,"audioPlay":false,"sceneViewState":{"m_AlwaysRefresh":false,"showFog":true,"showSkybox":false,"showFlares":true,"showImageEffects":true,"showParticleSystems":true,"showVisualEffectGraphs":true,"m_FxEnabled":true},"in2DMode":false,"pivot":{"x":414.08746337890627,"y":203.85775756835938,"z":396.51568603515627},"rotation":{"x":-0.16748358309268952,"y":-0.021047690883278848,"z":0.0035940883681178095,"w":-0.9856840968132019},"size":625.8253784179688,"orthographic":false}