{"cameraMode":{"drawMode":0,"name":"Shaded","section":"Shading Mode"},"sceneLighting":false,"audioPlay":false,"sceneViewState":{"m_AlwaysRefresh":false,"showFog":true,"showSkybox":false,"showFlares":true,"showImageEffects":true,"showParticleSystems":true,"showVisualEffectGraphs":true,"m_FxEnabled":true},"in2DMode":false,"pivot":{"x":-1.2200000286102296,"y":-1.0049999952316285,"z":0.9200000762939453},"rotation":{"x":-0.17706792056560517,"y":0.8126692175865173,"z":-0.31455886363983157,"w":-0.4574578106403351},"size":1.2783679962158204,"orthographic":false}