{"cameraMode":{"drawMode":0,"name":"Shaded","section":"Shading Mode"},"sceneLighting":true,"audioPlay":false,"sceneViewState":{"m_AlwaysRefresh":false,"showFog":true,"showSkybox":true,"showFlares":true,"showImageEffects":true,"showParticleSystems":true,"showVisualEffectGraphs":true,"m_FxEnabled":true},"in2DMode":false,"pivot":{"x":-46.222633361816409,"y":-55.087432861328128,"z":103.83191680908203},"rotation":{"x":-0.25749650597572329,"y":0.0790548026561737,"z":-0.021104177460074426,"w":-0.9628625512123108},"size":67.4203872680664,"orthographic":false}