{"cameraMode":{"drawMode":0,"name":"Shaded","section":"Shading Mode"},"sceneLighting":false,"audioPlay":false,"sceneViewState":{"m_AlwaysRefresh":false,"showFog":false,"showSkybox":false,"showFlares":false,"showImageEffects":false,"showParticleSystems":false,"showVisualEffectGraphs":true,"m_FxEnabled":true},"in2DMode":false,"pivot":{"x":0.8639354705810547,"y":5.5688676834106449,"z":-3.260571002960205},"rotation":{"x":0.0008166466723196209,"y":-0.9687724113464356,"z":-0.0028866715729236604,"w":-0.24812425673007966},"size":9.078189849853516,"orthographic":false}