{"cameraMode":{"drawMode":0,"name":"Shaded","section":"Shading Mode"},"sceneLighting":false,"audioPlay":false,"sceneViewState":{"m_AlwaysRefresh":false,"showFog":true,"showSkybox":false,"showFlares":true,"showImageEffects":true,"showParticleSystems":true,"showVisualEffectGraphs":true,"m_FxEnabled":true},"in2DMode":false,"pivot":{"x":-1.0842621326446534,"y":-0.3835411071777344,"z":0.04285168647766113},"rotation":{"x":0.10484252125024796,"y":-0.8904104828834534,"z":0.3571428954601288,"w":0.26279395818710329},"size":4.489480972290039,"orthographic":false}