{"cameraMode":{"drawMode":0,"name":"Shaded","section":"Shading Mode"},"sceneLighting":false,"audioPlay":false,"sceneViewState":{"m_AlwaysRefresh":false,"showFog":true,"showSkybox":false,"showFlares":true,"showImageEffects":true,"showParticleSystems":true,"showVisualEffectGraphs":true,"m_FxEnabled":true},"in2DMode":false,"pivot":{"x":-0.09521913528442383,"y":0.69113689661026,"z":0.32007846236228945},"rotation":{"x":-0.08516071736812592,"y":-0.7737882137298584,"z":0.10652711987495423,"w":-0.6185900568962097},"size":1.1376243829727173,"orthographic":false}