{"cameraMode":{"drawMode":0,"name":"Shaded","section":"Shading Mode"},"sceneLighting":false,"audioPlay":false,"sceneViewState":{"m_AlwaysRefresh":false,"showFog":true,"showSkybox":false,"showFlares":true,"showImageEffects":true,"showParticleSystems":true,"showVisualEffectGraphs":true,"m_FxEnabled":true},"in2DMode":false,"pivot":{"x":-1.3455692529678345,"y":0.43587684631347659,"z":0.6498346328735352},"rotation":{"x":0.006848371587693691,"y":0.9874855875968933,"z":-0.15107198059558869,"w":0.04476461559534073},"size":2.5902092456817629,"orthographic":false}