{"cameraMode":{"drawMode":0,"name":"Shaded","section":"Shading Mode"},"sceneLighting":false,"audioPlay":false,"sceneViewState":{"m_AlwaysRefresh":false,"showFog":false,"showSkybox":false,"showFlares":false,"showImageEffects":false,"showParticleSystems":false,"showVisualEffectGraphs":true,"m_FxEnabled":true},"in2DMode":false,"pivot":{"x":-0.018921971321105958,"y":1.4906926155090333,"z":-0.35838305950164797},"rotation":{"x":0.025070495903491975,"y":-0.9749770164489746,"z":0.15033555030822755,"w":0.1621030867099762},"size":0.9406108260154724,"orthographic":false}