{"cameraMode":{"drawMode":0,"name":"Shaded","section":"Shading Mode"},"sceneLighting":false,"audioPlay":false,"sceneViewState":{"m_AlwaysRefresh":false,"showFog":true,"showSkybox":false,"showFlares":true,"showImageEffects":true,"showParticleSystems":true,"showVisualEffectGraphs":true,"m_FxEnabled":true},"in2DMode":false,"pivot":{"x":0.03602919355034828,"y":0.8129239082336426,"z":-0.03762504458427429},"rotation":{"x":0.003533934010192752,"y":0.9772114753723145,"z":-0.2128930240869522,"w":0.017164822667837144},"size":1.104537010192871,"orthographic":false}