{"cameraMode":{"drawMode":0,"name":"Shaded","section":"Shading Mode"},"sceneLighting":false,"audioPlay":false,"sceneViewState":{"m_AlwaysRefresh":false,"showFog":false,"showSkybox":false,"showFlares":false,"showImageEffects":false,"showParticleSystems":false,"showVisualEffectGraphs":true,"m_FxEnabled":true},"in2DMode":false,"pivot":{"x":0.15562784671783448,"y":5.222465991973877,"z":-4.024153709411621},"rotation":{"x":0.0021174883004277946,"y":0.9975774884223938,"z":-0.06444182991981507,"w":0.03545954078435898},"size":8.35402774810791,"orthographic":false}