{"cameraMode":{"drawMode":0,"name":"Shaded","section":"Shading Mode"},"sceneLighting":false,"audioPlay":false,"sceneViewState":{"m_AlwaysRefresh":false,"showFog":true,"showSkybox":false,"showFlares":true,"showImageEffects":true,"showParticleSystems":true,"showVisualEffectGraphs":true,"m_FxEnabled":true},"in2DMode":false,"pivot":{"x":-19.868160247802736,"y":1.909935712814331,"z":-1.3728266954421998},"rotation":{"x":0.015162261202931404,"y":-0.9823320508003235,"z":0.09648691862821579,"w":0.1608297973871231},"size":1.1141750812530518,"orthographic":false}