{"cameraMode":{"drawMode":0,"name":"Shaded","section":"Shading Mode"},"sceneLighting":false,"audioPlay":false,"sceneViewState":{"m_AlwaysRefresh":false,"showFog":true,"showSkybox":false,"showFlares":true,"showImageEffects":true,"showParticleSystems":true,"showVisualEffectGraphs":true,"m_FxEnabled":true},"in2DMode":false,"pivot":{"x":-0.8985425233840942,"y":0.4889163374900818,"z":-0.16193652153015138},"rotation":{"x":-0.010760982520878315,"y":-0.8531824946403503,"z":-0.017674067988991739,"w":0.5213345885276794},"size":0.9211253523826599,"orthographic":false}