{"cameraMode":{"drawMode":0,"name":"Shaded","section":"Shading Mode"},"sceneLighting":false,"audioPlay":false,"sceneViewState":{"m_AlwaysRefresh":false,"showFog":true,"showSkybox":false,"showFlares":true,"showImageEffects":true,"showParticleSystems":true,"showVisualEffectGraphs":true,"m_FxEnabled":true},"in2DMode":false,"pivot":{"x":0.6452773809432983,"y":1.238431692123413,"z":-0.7409441471099854},"rotation":{"x":-0.025314761325716974,"y":-0.9433589577674866,"z":0.07402322441339493,"w":-0.3224829137325287},"size":0.9766168594360352,"orthographic":false}