{"cameraMode":{"drawMode":0,"name":"Shaded","section":"Shading Mode"},"sceneLighting":false,"audioPlay":false,"sceneViewState":{"m_AlwaysRefresh":false,"showFog":true,"showSkybox":false,"showFlares":true,"showImageEffects":true,"showParticleSystems":true,"showVisualEffectGraphs":true,"m_FxEnabled":true},"in2DMode":false,"pivot":{"x":-1.7567970752716065,"y":0.33192896842956545,"z":-1.179074764251709},"rotation":{"x":0.05755023658275604,"y":-0.8946981430053711,"z":0.12006593495607376,"w":0.42708873748779299},"size":2.112212657928467,"orthographic":false}