{"cameraMode":{"drawMode":0,"name":"Shaded","section":"Shading Mode"},"sceneLighting":false,"audioPlay":false,"sceneViewState":{"m_AlwaysRefresh":false,"showFog":true,"showSkybox":false,"showFlares":true,"showImageEffects":true,"showParticleSystems":true,"showVisualEffectGraphs":true,"m_FxEnabled":true},"in2DMode":false,"pivot":{"x":-0.16020795702934266,"y":0.3446035385131836,"z":0.017637193202972413},"rotation":{"x":-0.1547795683145523,"y":0.8451711535453796,"z":-0.366840124130249,"w":-0.35662829875946047},"size":0.7409700155258179,"orthographic":false}