{"cameraMode":{"drawMode":0,"name":"Shaded","section":"Shading Mode"},"sceneLighting":false,"audioPlay":false,"sceneViewState":{"m_AlwaysRefresh":false,"showFog":true,"showSkybox":false,"showFlares":true,"showImageEffects":true,"showParticleSystems":true,"showVisualEffectGraphs":true,"m_FxEnabled":true},"in2DMode":false,"pivot":{"x":-0.02374964952468872,"y":0.3350030779838562,"z":-0.011661618947982788},"rotation":{"x":-0.057227667421102527,"y":-0.8663138151168823,"z":0.10209564119577408,"w":-0.4855971932411194},"size":0.5261096954345703,"orthographic":false}