{"cameraMode":{"drawMode":0,"name":"Shaded","section":"Shading Mode"},"sceneLighting":false,"audioPlay":false,"sceneViewState":{"m_AlwaysRefresh":false,"showFog":true,"showSkybox":false,"showFlares":true,"showImageEffects":true,"showParticleSystems":true,"showVisualEffectGraphs":true,"m_FxEnabled":true},"in2DMode":false,"pivot":{"x":-0.7032294273376465,"y":4.113716125488281,"z":1.2502493858337403},"rotation":{"x":0.06492644548416138,"y":-0.6063269376754761,"z":0.04976826161146164,"w":0.7909966707229614},"size":5.9739909172058109,"orthographic":false}